Car Name,Price,Image Website
e-tron GT quattro,"ab 106.000,00 EUR*",https://mediaservice.audi.com/media/fast/H4sIAAAAAAAAAFvzloG1tIiBOTrayfuvpGh6-m1zJgaGigIGBgZGoDhTtNOaz-I_2DhCHsCEtzEwF-SlMwJZKUycmbmJ6an6QD4_I3taTmV-aUkxO0grTw7X6wTuM_vkz_v_r3E5u66RdU7wTAZWoC4mSSDBvAFI8E0DEhyPGcAkyDyQIEMTiM9kyczAwFoBZEQygAAfX2lRTkFiUWKuXnlmSkmGoIYBkUCY3cU1xNHTJxgAaGQ23-kAAAA?width=308&mimetype=image%2Fjpeg
RS e-tron GT,"ab 145.500,00 EUR*",https://mediaservice.audi.com/media/fast/H4sIAAAAAAAAAFvzloG1tIiBOTrayfuvpGh6-m1zJgaGigIGBgZGoDhTtNOaz-I_2DhCHsCEtzEwF-SlMwJZKUycmbmJ6an6QD4_I3taTmV-aUkxO0grzzW7ST-3u7xovC1_-_8V7Ze7pRheqzOwAnUxSQIJ5g1Agm8akOB4zAAmQeaBBBmaQHwmS2YGBtYKICOSAQT4-EqLcgoSixJz9cozU0oyBDUMiATC7C6uIY6ePsEAGvH7H-kAAAA?width=308&mimetype=image%2Fjpeg
Q8 e-tron,"ab 75.900,00 EUR*",https://mediaservice.audi.com/media/fast/H4sIAAAAAAAAAFvzloG1tIiBOTrayfuvpGh6-m1zJgaGigIGBgZGoDhTtNOaz-I_2DhCHsCEtzEwF-SlMwJZKUycmbmJ6an6QD4_I3taTmV-aUkxO0grT6IZW1LM5FXvttkx5OyX3LxWaWLSLgZWoC7GeUCCWQhI8KUBCU5VBjAJMm8-iLAD8ZksmRkYWCuAjEgGEODjKy3KKUgsSszVK89MKckQ1DAgEgizu7iGOHr6BAMAWEMXeOkAAAA?width=308&mimetype=image%2Fjpeg
Q8 Sportback e-tron,"ab 78.150,00 EUR*",https://mediaservice.audi.com/media/fast/H4sIAAAAAAAAAFvzloG1tIiBOTrayfuvpGh6-m1zJgaGigIGBgZGoDhTtNOaz-I_2DhCHsCEtzEwF-SlMwJZKUycmbmJ6an6QD4_I3taTmV-aUkxO0grz5ZTSa5PN-zNFfTJ-N5wqflzy4ltSQysQF2M84AEsxCQ4EsDEpyqDGASZN58EGEH4jNZMjMwsFYAGZEMIMDHV1qUU5BYlJirV56ZUpIhqGFAJBBmd3ENcfT0CQYAGizkoekAAAA?width=308&mimetype=image%2Fjpeg
SQ8 e-tron,"ab 98.100,00 EUR*",https://mediaservice.audi.com/media/fast/H4sIAAAAAAAAAFvzloG1tIiBOTrayfuvpGh6-m1zJgaGigIGBgZGoDhTtNOaz-I_2DhCHsCEtzEwF-SlMwJZKUycmbmJ6an6QD4_I3taTmV-aUkxO0grz4fFUop7VPuZlcondk3MesjbUxpoycAK1MU4D0gwCwEJvjQgwanKACZB5s0HEXYgPpMlMwMDawWQEckAAnx8pUU5BYlFibl65ZkpJRmCGgZEAmF2F9cQR0-fYABqL4ug6QAAAA?width=308&mimetype=image%2Fjpeg
SQ8 Sportback e-tron,"ab 100.350,00 EUR*",https://mediaservice.audi.com/media/fast/H4sIAAAAAAAAAFvzloG1tIiBOTrayfuvpGh6-m1zJgaGigIGBgZGoDhTtNOaz-I_2DhCHsCEtzEwF-SlMwJZKUycmbmJ6an6QD4_I3taTmV-aUkxO0grzyGnshnOG-8x30mZUtopa9JmZ9f4lYEVqItxHpBgFgISfGlAglOVAUyCzJsPIuxAfCZLZgYG1gogI5IBBPj4SotyChKLEnP1yjNTSjIENQyIBMLsLq4hjp4-wQAwcWuB6QAAAA?width=308&mimetype=image%2Fjpeg
A1 Sportback,"ab 22.300,00 EUR*",https://mediaservice.audi.com/media/fast/H4sIAAAAAAAAAFvzloG1tIiBOTrayfuvpGh6-m1zJgaGigIGBgZGoDhTtNOaz-I_2DhCHsCEtzEwF-SlMwJZKUycmbmJ6an6QD4_I3taTmV-aUkxO0grz6pgWxm7xpMnfjEeuyxSJBRt7_HkKAMrUBdTPpBgbgASvBuBBMdtBjAJMu89iGgA8ZnMmBkYWCuAjEgGEODjKy3KKUgsSszVK89MKckQ1DAgEgizu7iGOHr6BAMA0qnK_-kAAAA?width=308&mimetype=image%2Fjpeg
A1 allstreet,not found,https://mediaservice.audi.com/media/fast/H4sIAAAAAAAAAFvzloG1tIiBOTrayfuvpGh6-m1zJgaGigIGBgZGoDhTtNOaz-I_2DhCHsCEtzEwF-SlMwJZKUycmbmJ6an6QD4_I3taTmV-aUkxO0grz8p65cftCVnnG5r2HDJYPb2xvTgrm4EVqIspH0gwNwAJ3o1AguM2A5gEmfceRDSA-ExmzAwMrBVARiQDCPDxlRblFCQWJebqlWemlGQIahgQCYTZXVxDHD19ggGgR8z76QAAAA?width=308&mimetype=image%2Fjpeg
A3 Sportback,"ab 29.200,00 EUR*",https://mediaservice.audi.com/media/fast/H4sIAAAAAAAAAFvzloG1tIiBOTrayfuvpGh6-m1zJgaGigIGBgZGoDhTtNOaz-I_2DhCHsCEtzEwF-SlMwJZKUycmbmJ6an6QD4_I3taTmV-aUkxO0grT0fNWy4HQ5dNLLKTN7H3Vxm-E19VwsAK1MV4A0gwTwMSfAVAglOaAUyCzDsAIppAfCZ7ZgYG1gogI5IBBPj4SotyChKLEnP1yjNTSjIENQyIBMLsLq4hjp4-wQBR-vwh6QAAAA?width=308&mimetype=image%2Fjpeg
A3 Sportback TFSI e,"ab 40.340,00 EUR*",https://mediaservice.audi.com/media/fast/H4sIAAAAAAAAAFvzloG1tIiBOTrayfuvpGh6-m1zJgaGigIGBgZGoDhTtNOaz-I_2DhCHsCEtzEwF-SlMwJZKUycmbmJ6an6QD4_I3taTmV-aUkxO0grzzvvg_LzG_4raEopLbjwMETw4RThnwysQF2MN4AE8zQgwVcAJDilGcAkyLwDIKIJxGeyZ2ZgYK0AMiIZQICPr7QopyCxKDFXrzwzpSRDUMOASCDM7uIa4ujpEwwAL3T7r-kAAAA?width=308&mimetype=image%2Fjpeg
A3 Sportback g-tron,not found,https://mediaservice.audi.com/media/fast/H4sIAAAAAAAAAFvzloG1tIiBOTrayfuvpGh6-m1zJgaGigIGBgZGoDhTtNOaz-I_2DhCHsCEtzEwF-SlMwJZKUycmbmJ6an6QD4_I3taTmV-aUkxO0grzwN7ld3H96fHlGcI8h2YOS1wWdacuQysQF2MN4AE8zQgwVcAJDilGcAkyLwDIKIJxGeyZ2ZgYK0AMiIZQICPr7QopyCxKDFXrzwzpSRDUMOASCDM7uIa4ujpEwwA5pdneOkAAAA?width=308&mimetype=image%2Fjpeg
A3 Limousine,"ab 30.000,00 EUR*",https://mediaservice.audi.com/media/fast/H4sIAAAAAAAAAFvzloG1tIiBOTrayfuvpGh6-m1zJgaGigIGBgZGoDhTtNOaz-I_2DhCHsCEtzEwF-SlMwJZKUycmbmJ6an6QD4_I3taTmV-aUkxO0grz4sDvB37djRFsW8_ntbEHsQ97afMIwZWoC7GG0CCeRqQ4CsAEpzSDGASZN4BENEE4jPZMzMwsFYAGZEMIMDHV1qUU5BYlJirV56ZUpIhqGFAJBBmd3ENcfT0CQYAYyJQC-kAAAA?width=308&mimetype=image%2Fjpeg
S3 Sportback TFSI,"ab 51.400,00 EUR*",https://mediaservice.audi.com/media/fast/H4sIAAAAAAAAAFvzloG1tIiBOTrayfuvpGh6-m1zJgaGigIGBgZGoDhTtNOaz-I_2DhCHsCEtzEwF-SlMwJZKUycmbmJ6an6QD4_I3taTmV-aUkxO0grj_GenpzqqR_DuxibTkoFLnvPqXhuEgMrUBfjDSDBPA1I8BUACU5pBjAJMu8AiGgC8ZnsmRkYWCuAjEgGEODjKy3KKUgsSszVK89MKckQ1DAgEgizu7iGOHr6BAMAi4uP3-kAAAA?width=308&mimetype=image%2Fjpeg
S3 Limousine TFSI,"ab 52.200,00 EUR*",https://mediaservice.audi.com/media/fast/H4sIAAAAAAAAAFvzloG1tIiBOTrayfuvpGh6-m1zJgaGigIGBgZGoDhTtNOaz-I_2DhCHsCEtzEwF-SlMwJZKUycmbmJ6an6QD4_I3taTmV-aUkxO0grT6HrI1MFXq7X8TufVm_3X_pN0_EEAwMrUBfjDSDBPA1I8BUACU5pBjAJMu8AiGgC8ZnsmYGqK4CMSAYQ4OMrLcopSCxKzNUrz0wpyRDUMCASCLO7uIY4evoEAwCvxgt56QAAAA?width=308&mimetype=image%2Fjpeg
RS 3 Sportback,not found,https://mediaservice.audi.com/media/fast/H4sIAAAAAAAAAFvzloG1tIiBOTrayfuvpGh6-m1zJgaGigIGBgZGoDhTtNOaz-I_2DhCHsCEtzEwF-SlMwJZKUycmbmJ6an6QD4_I3taTmV-aUkxO0grj9fMbPYp8-ZdErOYZ2n9ok3ivcZ_MwZWoC7GG0CCeRqQ4CsAEpzSDGASZN4BENEE4jPZMzMwsFYAGZEMIMDHV1qUU5BYlJirV56ZUpIhqGFAJBBmd3ENcfT0CQYAu0iM7ekAAAA?width=308&mimetype=image%2Fjpeg
RS 3 Limousine,not found,https://mediaservice.audi.com/media/fast/H4sIAAAAAAAAAFvzloG1tIiBOTrayfuvpGh6-m1zJgaGigIGBgZGoDhTtNOaz-I_2DhCHsCEtzEwF-SlMwJZKUycmbmJ6an6QD4_I3taTmV-aUkxO0grz-Nc5S63vV0XlLU_tHZ3d7lN-J3Gz8AK1MV4A0gwTwMSfAVAglOaAUyCzDsAIppAfCZ7ZgYG1gogI5IBBPj4SotyChKLEnP1yjNTSjIENQyIBMLsLq4hjp4-wQA9ZIJC6QAAAA?width=308&mimetype=image%2Fjpeg
A4 Limousine,"ab 40.450,00 EUR*",https://mediaservice.audi.com/media/fast/H4sIAAAAAAAAAFvzloG1tIiBOTrayfuvpGh6-m1zJgaGigIGBgZGoDhTtNOaz-I_2DhCHsCEtzEwF-SlMwJZKUycmbmJ6an6QD4_I3taTmV-aUkxO0grz9-zLDvee5xsnNOiJKdyR5gt2StYjIEVqIvRDUgwpwIJvv1AglOWAUyCzJsEIgpAfCYHZgYG1gogI5IBBPj4SotyChKLEnP1yjNTSjIENQyIBMLsLq4hjp4-wQCN5cnx6QAAAA?width=308&mimetype=image%2Fjpeg
A4 Avant,"ab 42.100,00 EUR*",https://mediaservice.audi.com/media/fast/H4sIAAAAAAAAAFvzloG1tIiBOTrayfuvpGh6-m1zJgaGigIGBgZGoDhTtNOaz-I_2DhCHsCEtzEwF-SlMwJZKUycmbmJ6an6QD4_I3taTmV-aUkxO0grT_18_u46QeuSstfnszoPBC5ruiVWzsAK1MXoBiSYU4EE334gwSnLACZB5k0CEQUgPpMDMwMDawWQEckAAnx8pUU5BYlFibl65ZkpJRmCGgZEAmF2F9cQR0-fYAAre7v_6QAAAA?width=308&mimetype=image%2Fjpeg
A4 allroad quattro,"ab 53.800,00 EUR*",https://mediaservice.audi.com/media/fast/H4sIAAAAAAAAAFvzloG1tIiBOTrayfuvpGh6-m1zJgaGigIGBgZGoDhTtNOaz-I_2DhCHsCEtzEwF-SlMwJZKUycmbmJ6an6QD4_I3taTmV-aUkxO0grD-OnkrQPf01fnavh4WF9KOe2-OO8FwysQF2MbkCCORVI8O0HEpyyDGASZN4kEFEA4jM5MDMwsFYAGZEMIMDHV1qUU5BYlJirV56ZUpIhqGFAJBBmd3ENcfT0CQYAMtzzX-kAAAA?width=308&mimetype=image%2Fjpeg
S4 Limousine TDI,not found,https://mediaservice.audi.com/media/fast/H4sIAAAAAAAAAFvzloG1tIiBOTrayfuvpGh6-m1zJgaGigIGBgZGoDhTtNOaz-I_2DhCHsCEtzEwF-SlMwJZKUycmbmJ6an6QD4_I3taTmV-aUkxO0grj3mEugD7z-eK1sJSZxWOc8xuzVrvwsAK1MXoBiSYU4EE334gwSnLACZB5k0CEQUgPpMDMwMDawWQEckAAnx8pUU5BYlFibl65ZkpJRmCGgZEAmF2F9cQR0-fYACz5bcI6QAAAA?width=308&mimetype=image%2Fjpeg
S4 Avant TDI,not found,https://mediaservice.audi.com/media/fast/H4sIAAAAAAAAAFvzloG1tIiBOTrayfuvpGh6-m1zJgaGigIGBgZGoDhTtNOaz-I_2DhCHsCEtzEwF-SlMwJZKUycmbmJ6an6QD4_I3taTmV-aUkxO0grzyR13y33fm-80ppefLZlG495_ebIUAZWoC5GNyDBnAok-PYDCU5ZBjAJMm8SiCgA8ZkcmBkYWCuAjEgGEODjKy3KKUgsSszVK89MKckQ1DAgEgizu7iGOHr6BAMAniJrxukAAAA?width=308&mimetype=image%2Fjpeg
RS 4 Avant,"ab 87.500,00 EUR*",https://mediaservice.audi.com/media/fast/H4sIAAAAAAAAAFvzloG1tIiBOTrayfuvpGh6-m1zJgaGigIGBgZGoDhTtNOaz-I_2DhCHsCEtzEwF-SlMwJZKUycmbmJ6an6QD4_I3taTmV-aUkxO0grj6sl0wyNwwX8qrkXWb4Wv2FR99y7mYEVqIvRDUgwpwIJvv1AglOWAUyCzJsEIgpAfCYHZgYG1gogI5IBBPj4SotyChKLEnP1yjNTSjIENQyIBMLsLq4hjp4-wQDhDJ7M6QAAAA?width=308&mimetype=image%2Fjpeg
A5 Coupé,"ab 44.000,00 EUR*",https://mediaservice.audi.com/media/fast/H4sIAAAAAAAAAFvzloG1tIiBOTrayfuvpGh6-m1zJgaGigIGBgZGoDhTtNOaz-I_2DhCHsCEtzEwF-SlMwJZKUycmbmJ6an6QD4_I3taTmV-aUkxO0grz-E_jGs_Hj19IVl1lXnF7755R5T-HWFgBepidAMSzHuABN82IMEpzQAmQeZNBRE9ID6TAzMDA2sFkBHJAAJ8fKVFOQWJRYm5euWZKSUZghoGRAJhdhfXEEdPn2AA62wXyekAAAA?width=308&mimetype=image%2Fjpeg
A5 Sportback,"ab 44.000,00 EUR*",https://mediaservice.audi.com/media/fast/H4sIAAAAAAAAAFvzloG1tIiBOTrayfuvpGh6-m1zJgaGigIGBgZGoDhTtNOaz-I_2DhCHsCEtzEwF-SlMwJZKUycmbmJ6an6QD4_I3taTmV-aUkxO0grj-CTDIcJ_yxYxLXMUuSLIjM_fJzoxsAK1MXoBiSY9wAJvm1AglOaAUyCzJsKInpAfCYHZgYG1gogI5IBBPj4SotyChKLEnP1yjNTSjIENQyIBMLsLq4hjp4-wQCxoWUw6QAAAA?width=308&mimetype=image%2Fjpeg
A5 Cabriolet,"ab 50.500,00 EUR*",https://mediaservice.audi.com/media/fast/H4sIAAAAAAAAAFvzloG1tIiBOTrayfuvpGh6-m1zJgaGigIGBgZGoDhTtNOaz-I_2DhCHsCEtzEwF-SlMwJZKUycmbmJ6an6QD4_I3taTmV-aUkxO0grj1T_7Jca8QK8_Et2B02fINf__tRjIwZWoC5GNyDBvAdI8G0DEpzSDGASZN5UENED4jM5MDMwsFYAGZEMIMDHV1qUU5BYlJirV56ZUpIhqGFAJBBmd3ENcfT0CQYANObb9-kAAAA?width=308&mimetype=image%2Fjpeg
S5 Coupé TDI,not found,https://mediaservice.audi.com/media/fast/H4sIAAAAAAAAAFvzloG1tIiBOTrayfuvpGh6-m1zJgaGigIGBgZGoDhTtNOaz-I_2DhCHsCEtzEwF-SlMwJZKUycmbmJ6an6QD4_I3taTmV-aUkxO0grzxJm0X6HjglT443W9QpI2Es99rT7zMAK1MXoBiSY9wAJvm1AglOaAUyCzJsKInpAfCYHZgYG1gogI5IBBPj4SotyChKLEnP1yjNTSjIENQyIBMLsLq4hjp4-wQDU9C_M6QAAAA?width=308&mimetype=image%2Fjpeg
S5 Sportback TDI,not found,https://mediaservice.audi.com/media/fast/H4sIAAAAAAAAAFvzloG1tIiBOTrayfuvpGh6-m1zJgaGigIGBgZGoDhTtNOaz-I_2DhCHsCEtzEwF-SlMwJZKUycmbmJ6an6QD4_I3taTmV-aUkxO0grD4_mtjdhon8WqzxTuloW9jCg5pKXLgMrUBejG5Bg3gMk-LYBCU5pBjAJMm8qiOgB8ZkcmBkYWCuAjEgGEODjKy3KKUgsSszVK89MKckQ1DAgEgizu7iGOHr6BAMAkhIhZOkAAAA?width=308&mimetype=image%2Fjpeg
S5 Cabriolet TFSI,"ab 74.900,00 EUR*",https://mediaservice.audi.com/media/fast/H4sIAAAAAAAAAFvzloG1tIiBOTrayfuvpGh6-m1zJgaGigIGBgZGoDhTtNOaz-I_2DhCHsCEtzEwF-SlMwJZKUycmbmJ6an6QD4_I3taTmV-aUkxO0grT3W5FY_9qXAP0X_nOaxS7zIsPqpwmIEVqIvRDUgw7wESfNuABKc0A5gEmTcVRPSA-EwOzAwMrBVARiQDCPDxlRblFCQWJebqlWemlGQIahgQCYTZXVxDHD19ggEI8tpe6QAAAA?width=308&mimetype=image%2Fjpeg
RS 5 Coupé,"ab 89.000,00 EUR*",https://mediaservice.audi.com/media/fast/H4sIAAAAAAAAAFvzloG1tIiBOTrayfuvpGh6-m1zJgaGigIGBgZGoDhTtNOaz-I_2DhCHsCEtzEwF-SlMwJZKUycmbmJ6an6QD4_I3taTmV-aUkxO0grz6IuO2nLBawHA3qe1_zunjTrwePlvAysQF2MbkCCeQ-Q4NsGJDilGcAkyLypIKIHxGdyYGZgYK0AMiIZQICPr7QopyCxKDFXrzwzpSRDUMOASCDM7uIa4ujpEwwAPq-HdekAAAA?width=308&mimetype=image%2Fjpeg
RS 5 Sportback,"ab 89.000,00 EUR*",https://mediaservice.audi.com/media/fast/H4sIAAAAAAAAAFvzloG1tIiBOTrayfuvpGh6-m1zJgaGigIGBgZGoDhTtNOaz-I_2DhCHsCEtzEwF-SlMwJZKUycmbmJ6an6QD4_I3taTmV-aUkxO0grT1HvKpHKZ2d3zfZwCxKNs6itXxjSwsAK1MXoBiSY9wAJvm1AglOaAUyCzJsKInpAfCYHZgYG1gogI5IBBPj4SotyChKLEnP1yjNTSjIENQyIBMLsLq4hjp4-wQBvVPYg6QAAAA?width=308&mimetype=image%2Fjpeg
A6 Limousine,"ab 53.800,00 EUR*",https://mediaservice.audi.com/media/fast/H4sIAAAAAAAAAFvzloG1tIiBOTrayfuvpGh6-m1zJgaGigIGBgZGoDhTtNOaz-I_2DhCHsCEtzEwF-SlMwJZKUycmbmJ6an6QD4_I3taTmV-aUkxO0grT6ny74PdpWc17rRt5j9o2ndecZdvJQMrUBejFpBgLgQSfG-ABKcSA5gEmVcAIhJAfCYnZgYG1gogI5IBBPj4SotyChKLEnP1yjNTSjIENQyIBMLsLq4hjp4-wQC67Znl6QAAAA?width=308&mimetype=image%2Fjpeg
A6 Limousine TFSI e,"ab 62.100,00 EUR*",https://mediaservice.audi.com/media/fast/H4sIAAAAAAAAAFvzloG1tIiBOTrayfuvpGh6-m1zJgaGigIGBgZGoDhTtNOaz-I_2DhCHsCEtzEwF-SlMwJZKUycmbmJ6an6QD4_I3taTmV-aUkxO0grj2tU9SKbyu9i2-XytdUUPKf8sPv8l4EVqItRC0gwFwIJvjdAglOJAUyCzCsAEQkgPpMTMwMDawWQEckAAnx8pUU5BYlFibl65ZkpJRmCGgZEAmF2F9cQR0-fYAAzcrFn6QAAAA?width=308&mimetype=image%2Fjpeg
A6 Avant,"ab 56.300,00 EUR*",https://mediaservice.audi.com/media/fast/H4sIAAAAAAAAAFvzloG1tIiBOTrayfuvpGh6-m1zJgaGigIGBgZGoDhTtNOaz-I_2DhCHsCEtzEwF-SlMwJZKUycmbmJ6an6QD4_I3taTmV-aUkxO0grz0rLbwzqmm3rnL-4-mhbTlW0V5C8zMAK1MWoBSSYC4EE3xsgwanEACZB5hWAiAQQn8mJmYGBtQLIiGQAAT6-0qKcgsSixFy98syUkgxBDQMigTC7i2uIo6dPMABLlua66QAAAA?width=308&mimetype=image%2Fjpeg
A6 Avant TFSI e,"ab 65.190,00 EUR*",https://mediaservice.audi.com/media/fast/H4sIAAAAAAAAAFvzloG1tIiBOTrayfuvpGh6-m1zJgaGigIGBgZGoDhTtNOaz-I_2DhCHsCEtzEwF-SlMwJZKUycmbmJ6an6QD4_I3taTmV-aUkxO0grzym3p86l72dJJjwOVV9y4JnJ5HXvzzOwAnUxagEJ5kIgwfcGSHAqMYBJkHkFICIBxGdyYmZgYK0AMiIZQICPr7QopyCxKDFXrzwzpSRDUMOASCDM7uIa4ujpEwwAYEc2dukAAAA?width=308&mimetype=image%2Fjpeg
A6 allroad quattro,"ab 64.650,00 EUR*",https://mediaservice.audi.com/media/fast/H4sIAAAAAAAAAFvzloG1tIiBOTrayfuvpGh6-m1zJgaGigIGBgZGoDhTtNOaz-I_2DhCHsCEtzEwF-SlMwJZKUycmbmJ6an6QD4_I3taTmV-aUkxO0grT2CMsa-kR35udfSfc7Wuqttm7BQJZ2AF6mLUAhLMhUCC7w2Q4FRiAJMg8wpARAKIz-TEzMDAWgFkRDKAAB9faVFOQWJRYq5eeWZKSYaghgGRQJjdxTXE0dMnGABm70p56QAAAA?width=308&mimetype=image%2Fjpeg
S6 Limousine TDI,"ab 83.300,00 EUR*",https://mediaservice.audi.com/media/fast/H4sIAAAAAAAAAFvzloG1tIiBOTrayfuvpGh6-m1zJgaGigIGBgZGoDhTtNOaz-I_2DhCHsCEtzEwF-SlMwJZKUycmbmJ6an6QD4_I3taTmV-aUkxO0grj2FN_tv9Qr1nlXbO25y22KFI2PXzWQZWoC5GLSDBXAgk-N4ACU4lBjAJMq8ARCSA-ExOzAwMrBVARiQDCPDxlRblFCQWJebqlWemlGQIahgQCYTZXVxDHD19ggFBM6JN6QAAAA?width=308&mimetype=image%2Fjpeg
S6 Avant TDI,"ab 85.800,00 EUR*",https://mediaservice.audi.com/media/fast/H4sIAAAAAAAAAFvzloG1tIiBOTrayfuvpGh6-m1zJgaGigIGBgZGoDhTtNOaz-I_2DhCHsCEtzEwF-SlMwJZKUycmbmJ6an6QD4_I3taTmV-aUkxO0grzy1hlpu-rAduhgrqM504c8DyPUPjewZWoC5GLSDBXAgk-N4ACU4lBjAJMq8ARCSA-ExOzAwMrBVARiQDCPDxlRblFCQWJebqlWemlGQIahgQCYTZXVxDHD19ggFkdSzj6QAAAA?width=308&mimetype=image%2Fjpeg
RS 6 Avant,not found,https://mediaservice.audi.com/media/fast/H4sIAAAAAAAAAFvzloG1tIiBOTrayfuvpGh6-m1zJgaGigIGBgZGoDhTtNOaz-I_2DhCHsCEtzEwF-SlMwJZKUycmbmJ6an6QD4_I3taTmV-aUkxO0grzyynLRPO1Xzi2dF3U3HGopOnHVw-XmFgBepi1AISzIVAgu8NkOBUYgCTIPMKQEQCiM_kxMzAwFoBZEQygAAfX2lRTkFiUWKuXnlmSkmGoIYBkUCY3cU1xNHTJxgA5yXa_-kAAAA?width=308&mimetype=image%2Fjpeg
RS 6 Avant performance,not found,https://mediaservice.audi.com/media/fast/H4sIAAAAAAAAAFvzloG1tIiBOTrayfuvpGh6-m1zJgaGigIGBgZGoDhTtNOaz-I_2DhCHsCEtzEwF-SlMwJZKUycmbmJ6an6QD4_I3taTmV-aUkxO0grz28m1yf3fxhPODcz4o5MzOpQXS6udQysQF2MWkCCuRBI8L0BEpxKDGASZF4BiEgA8ZmcmBkYWCuAjEgGEODjKy3KKUgsSszVK89MKckQ1DAgEgizu7iGOHr6BAMAH67l0ekAAAA?width=308&mimetype=image%2Fjpeg
A7 Sportback,"ab 63.500,00 EUR*",https://mediaservice.audi.com/media/fast/H4sIAAAAAAAAAFvzloG1tIiBOTrayfuvpGh6-m1zJgaGigIGBgZGoDhTtNOaz-I_2DhCHsCEtzEwF-SlMwJZKUycmbmJ6an6QD4_I3taTmV-aUkxO0grT1k3u_qyhTqL7ySV3M6qaP2-TtMqk4EVqItRG0gw1wAJvrdAgpOXAUyCzOsDETUgPpMlMwMDawWQEckAAnx8pUU5BYlFibl65ZkpJRmCGgZEAmF2F9cQR0-fYABkxyJ66QAAAA?width=308&mimetype=image%2Fjpeg
A7 Sportback TFSI e,"ab 71.400,00 EUR*",https://mediaservice.audi.com/media/fast/H4sIAAAAAAAAAFvzloG1tIiBOTrayfuvpGh6-m1zJgaGigIGBgZGoDhTtNOaz-I_2DhCHsCEtzEwF-SlMwJZKUycmbmJ6an6QD4_I3taTmV-aUkxO0grT-MyEX6N2iW7GuTMNm6d-9joXVvNAgZWoC5GbSDBXAMk-N4CCU5eBjAJMq8PRNSA-EyWzAwMrBVARiQDCPDxlRblFCQWJebqlWemlGQIahgQCYTZXVxDHD19ggGIsy0S6QAAAA?width=308&mimetype=image%2Fjpeg
S7 Sportback TDI,"ab 88.150,00 EUR*",https://mediaservice.audi.com/media/fast/H4sIAAAAAAAAAFvzloG1tIiBOTrayfuvpGh6-m1zJgaGigIGBgZGoDhTtNOaz-I_2DhCHsCEtzEwF-SlMwJZKUycmbmJ6an6QD4_I3taTmV-aUkxO0grD2_KDpXvF6_WOKw733Pk3uPvthtf2DOwAnUxagMJ5hogwfcWSHDyMoBJkHl9IKIGxGeyZGZgYK0AMiIZQICPr7QopyCxKDFXrzwzpSRDUMOASCDM7uIa4ujpEwwARwN4rekAAAA?width=308&mimetype=image%2Fjpeg
RS 7 Sportback,not found,https://mediaservice.audi.com/media/fast/H4sIAAAAAAAAAFvzloG1tIiBOTrayfuvpGh6-m1zJgaGigIGBgZGoDhTtNOaz-I_2DhCHsCEtzEwF-SlMwJZKUycmbmJ6an6QD4_I3taTmV-aUkxO0grz7QIyWf17l8f8Rum3m4pEWk-WCe1mIEVqItRG0gw1wAJvrdAgpOXAUyCzOsDETUgPpMlMwMDawWQEckAAnx8pUU5BYlFibl65ZkpJRmCGgZEAmF2F9cQR0-fYADhfAKa6QAAAA?width=308&mimetype=image%2Fjpeg
RS 7 Sportback performance,not found,https://mediaservice.audi.com/media/fast/H4sIAAAAAAAAAFvzloG1tIiBOTrayfuvpGh6-m1zJgaGigIGBgZGoDhTtNOaz-I_2DhCHsCEtzEwF-SlMwJZKUycmbmJ6an6QD4_I3taTmV-aUkxO0grz41r_tPYe1rLFt99KiRQZi_O2hdiwcAK1MWoDSSYa4AE31sgwcnLACZB5vWBiBoQn8mSmYGBtQLIiGQAAT6-0qKcgsSixFy98syUkgxBDQMigTC7i2uIo6dPMADwCSdO6QAAAA?width=308&mimetype=image%2Fjpeg
A8,"ab 101.900,00 EUR*",https://mediaservice.audi.com/media/fast/H4sIAAAAAAAAAFvzloG1tIiBOTrayfuvpGh6-m1zJgaGigIGBgZGoDhTtNOaz-I_2DhCHsCEtzEwF-SlMwJZKUycmbmJ6an6QD4_I3taTmV-aUkxO0grT9CD3bMdEydp3Hrp0n-yZKtp17XcMgZWoC7GVUCCeQmQ4NsOJDhdGcAkyLw1IKIKxGeyZmZgYK0AMiIZQICPr7QopyCxKDFXrzwzpSRDUMOASCDM7uIa4ujpEwwA-Nie-OkAAAA?width=308&mimetype=image%2Fjpeg
A8 TFSI e,"ab 115.500,00 EUR*",https://mediaservice.audi.com/media/fast/H4sIAAAAAAAAAFvzloG1tIiBOTrayfuvpGh6-m1zJgaGigIGBgZGoDhTtNOaz-I_2DhCHsCEtzEwF-SlMwJZKUycmbmJ6an6QD4_I3taTmV-aUkxO0grj3Vqp-LO5ZodlWrno9SUei8qP1PhYGAF6mJcBSSYlwAJvu1AgtOVAUyCzFsDIqpAfCZrZgYG1gogI5IBBPj4SotyChKLEnP1yjNTSjIENQyIBMLsLq4hjp4-wQBGImwM6QAAAA?width=308&mimetype=image%2Fjpeg
A8 L,"ab 105.400,00 EUR*",https://mediaservice.audi.com/media/fast/H4sIAAAAAAAAAFvzloG1tIiBOTrayfuvpGh6-m1zJgaGigIGBgZGoDhTtNOaz-I_2DhCHsCEtzEwF-SlMwJZKUycmbmJ6an6QD4_I3taTmV-aUkxO0grT9WyrnVneEN--_zcIO-9XGnl5sC9FgysQF2Mq4AE8xIgwbcdSHC6MoBJkHlrQEQViM9kzczAwFoBZEQygAAfX2lRTkFiUWKuXnlmSkmGoIYBkUCY3cU1xNHTJxgAnUqUmOkAAAA?width=308&mimetype=image%2Fjpeg
A8 L TFSI e,"ab 119.000,00 EUR*",https://mediaservice.audi.com/media/fast/H4sIAAAAAAAAAFvzloG1tIiBOTrayfuvpGh6-m1zJgaGigIGBgZGoDhTtNOaz-I_2DhCHsCEtzEwF-SlMwJZKUycmbmJ6an6QD4_I3taTmV-aUkxO0grz77p8mvLv24yf_Y18eaCwskSHzTZfRlYgboYVwEJ5iVAgm87kOB0ZQCTIPPWgIgqEJ_JmpmBgbUCyIhkAAE-vtKinILEosRcvfLMlJIMQQ0DIoEwu4triKOnTzAAO6YzuukAAAA?width=308&mimetype=image%2Fjpeg
S8 TFSI,"ab 151.300,00 EUR*",https://mediaservice.audi.com/media/fast/H4sIAAAAAAAAAFvzloG1tIiBOTrayfuvpGh6-m1zJgaGigIGBgZGoDhTtNOaz-I_2DhCHsCEtzEwF-SlMwJZKUycmbmJ6an6QD4_I3taTmV-aUkxO0grT7PcStWDnj16Og_EbNPP8Z3JTNkazsAK1MW4CkgwLwESfNuBBKcrA5gEmbcGRFSB-EzWzAwMrBVARiQDCPDxlRblFCQWJebqlWemlGQIahgQCYTZXVxDHD19ggEDhnd66QAAAA?width=308&mimetype=image%2Fjpeg
Q2,"ab 28.150,00 EUR*",https://mediaservice.audi.com/media/fast/H4sIAAAAAAAAAFvzloG1tIiBOTrayfuvpGh6-m1zJgaGigIGBgZGoDhTtNOaz-I_2DhCHsCEtzEwF-SlMwJZKUycmbmJ6an6QD4_I3taTmV-aUkxO0grT8Gm-ZVXVEU6HPfdiI40M7uSLnT5IAMrUBcTF5BgNgMSfP5AguMMA5gEmXcQRGSD-Ew2zAwMrBVARiQDCPDxlRblFCQWJebqlWemlGQIahgQCYTZXVxDHD19ggE8H7UX6QAAAA?width=308&mimetype=image%2Fjpeg
SQ2 TFSI,"ab 50.050,00 EUR*",https://mediaservice.audi.com/media/fast/H4sIAAAAAAAAAFvzloG1tIiBOTrayfuvpGh6-m1zJgaGigIGBgZGoDhTtNOaz-I_2DhCHsCEtzEwF-SlMwJZKUycmbmJ6an6QD4_I3taTmV-aUkxO0grz9nnak6Zd5-d3z3v07c53OW3bh9ITGFgBepi4gISzGZAgs8fSHCcYQCTIPMOgohsEJ_JhpmBgbUCyIhkAAE-vtKinILEosRcvfLMlJIMQQ0DIoEwu4triKOnTzAAklPLM-kAAAA?width=308&mimetype=image%2Fjpeg
Q3,"ab 38.300,00 EUR*",https://mediaservice.audi.com/media/fast/H4sIAAAAAAAAAFvzloG1tIiBOTrayfuvpGh6-m1zJgaGigIGBgZGoDhTtNOaz-I_2DhCHsCEtzEwF-SlMwJZKUycmbmJ6an6QD4_I3taTmV-aUkxO0grz02lGkWJjJa2hZPffV-XVy17SWNbHwMrUBeTNpBgVgUSfMJAguMXA5gEmbcfRHiB-Ew2zAwMrBVARiQDCPDxlRblFCQWJebqlWemlGQIahgQCYTZXVxDHD19ggGAfbgW6QAAAA?width=308&mimetype=image%2Fjpeg
Q3 TFSI e,"ab 48.700,00 EUR*",https://mediaservice.audi.com/media/fast/H4sIAAAAAAAAAFvzloG1tIiBOTrayfuvpGh6-m1zJgaGigIGBgZGoDhTtNOaz-I_2DhCHsCEtzEwF-SlMwJZKUycmbmJ6an6QD4_I3taTmV-aUkxO0grz_3QV5muRwOtek9LaqSJzn7zaJf2RwZWoC4mbSDBrAok-ISBBMcvBjAJMm8_iPAC8ZlsmBkYWCuAjEgGEODjKy3KKUgsSszVK89MKckQ1DAgEgizu7iGOHr6BAMA3APhAekAAAA?width=308&mimetype=image%2Fjpeg
Q3 Sportback,"ab 39.950,00 EUR*",https://mediaservice.audi.com/media/fast/H4sIAAAAAAAAAFvzloG1tIiBOTrayfuvpGh6-m1zJgaGigIGBgZGoDhTtNOaz-I_2DhCHsCEtzEwF-SlMwJZKUycmbmJ6an6QD4_I3taTmV-aUkxO0grzwXmmJ8mgQrXLOyup_BuWTc3xuOOLAMrUBeTNpBgVgUSfMJAguMXA5gEmbcfRHiB-Ew2zAwMrBVARiQDCPDxlRblFCQWJebqlWemlGQIahgQCYTZXVxDHD19ggFS-Jvs6QAAAA?width=308&mimetype=image%2Fjpeg
Q3 Sportback TFSI e,"ab 50.100,00 EUR*",https://mediaservice.audi.com/media/fast/H4sIAAAAAAAAAFvzloG1tIiBOTrayfuvpGh6-m1zJgaGigIGBgZGoDhTtNOaz-I_2DhCHsCEtzEwF-SlMwJZKUycmbmJ6an6QD4_I3taTmV-aUkxO0grz6yJGsZafrkb29kMxI_3d-VN0l_-hoEVqItJG0gwqwIJPmEgwfGLAUyCzNsPIrxAfCYbZgYG1gogI5IBBPj4SotyChKLEnP1yjNTSjIENQyIBMLsLq4hjp4-wQCbjPJ06QAAAA?width=308&mimetype=image%2Fjpeg
RS Q3,not found,https://mediaservice.audi.com/media/fast/H4sIAAAAAAAAAFvzloG1tIiBOTrayfuvpGh6-m1zJgaGigIGBgZGoDhTtNOaz-I_2DhCHsCEtzEwF-SlMwJZKUycmbmJ6an6QD4_I3taTmV-aUkxO0grTyHLdj85ETWrr2fq07_sNn-pLcpgw8AK1MWkDSSYVYEEnzCQ4PjFACZB5u0HEV4gPpMNMwMDawWQEckAAnx8pUU5BYlFibl65ZkpJRmCGgZEAmF2F9cQR0-fYABsRXza6QAAAA?width=308&mimetype=image%2Fjpeg
RS Q3 Sportback,not found,https://mediaservice.audi.com/media/fast/H4sIAAAAAAAAAFvzloG1tIiBOTrayfuvpGh6-m1zJgaGigIGBgZGoDhTtNOaz-I_2DhCHsCEtzEwF-SlMwJZKUycmbmJ6an6QD4_I3taTmV-aUkxO0grTzrbrrNvri1eWa-WfcB1xZu3C_quszCwAnUxaQMJZlUgwScMJDh-MYBJkHn7QYQXiM9kw8zAwFoBZEQygAAfX2lRTkFiUWKuXnlmSkmGoIYBkUCY3cU1xNHTJxgAWybOf-kAAAA?width=308&mimetype=image%2Fjpeg
Q4 e-tron,"ab 52.950,00 EUR*",https://mediaservice.audi.com/media/fast/H4sIAAAAAAAAAFvzloG1tIiBOTrayfuvpGh6-m1zJgaGigIGBgZGoDhTtNOaz-I_2DhCHsCEtzEwF-SlMwJZKUycmbmJ6an6QD4_I3taTmV-aUkxO0grz7JCd3dnIcNGr1c_1BaF3bthtFEyk4EVqIuJE0gwawMJPkUgwWnJACZB5t0DEb4gPpMOMwMDawWQEckAAnx8pUU5BYlFibl65ZkpJRmCGgZEAmF2F9cQR0-fYADCGp6x6QAAAA?width=308&mimetype=image%2Fjpeg
Q4 Sportback e-tron,"ab 54.950,00 EUR*",https://mediaservice.audi.com/media/fast/H4sIAAAAAAAAAFvzloG1tIiBOTrayfuvpGh6-m1zJgaGigIGBgZGoDhTtNOaz-I_2DhCHsCEtzEwF-SlMwJZKUycmbmJ6an6QD4_I3taTmV-aUkxO0grT9K_gvnOeW_2RlkqflvzOmE5891uYQZWoC4mTiDBrA0k-BSBBKclA5gEmXcPRPiC-Ew6zAwMrBVARiQDCPDxlRblFCQWJebqlWemlGQIahgQCYTZXVxDHD19ggGYZCDU6QAAAA?width=308&mimetype=image%2Fjpeg
Q5,"ab 49.950,00 EUR*",https://mediaservice.audi.com/media/fast/H4sIAAAAAAAAAFvzloG1tIiBOTrayfuvpGh6-m1zJgaGigIGBgZGoDhTtNOaz-I_2DhCHsCEtzEwF-SlMwJZKUycmbmJ6an6QD4_I3taTmV-aUkxO0grT2ddr37QpqLUVT3Xey5MkPIsv2wZwsAK1MXoASSYngEJvl1AgtObAUyCzJsLIuxAfCYrZgYG1gogI5IBBPj4SotyChKLEnP1yjNTSjIENQyIBMLsLq4hjp4-wQBAHJaY6QAAAA?width=308&mimetype=image%2Fjpeg
Q5 TFSI e,"ab 61.200,00 EUR*",https://mediaservice.audi.com/media/fast/H4sIAAAAAAAAAFvzloG1tIiBOTrayfuvpGh6-m1zJgaGigIGBgZGoDhTtNOaz-I_2DhCHsCEtzEwF-SlMwJZKUycmbmJ6an6QD4_I3taTmV-aUkxO0grz7zL-yb--ibBcG1yovyD1TnWRziPKzKwAnUxegAJpmdAgm8XkOD0ZgCTIPPmggg7EJ_JipmBgbUCyIhkAAE-vtKinILEosRcvfLMlJIMQQ0DIoEwu4triKOnTzAAb-0IiekAAAA?width=308&mimetype=image%2Fjpeg
Q5 Sportback,"ab 53.550,00 EUR*",https://mediaservice.audi.com/media/fast/H4sIAAAAAAAAAFvzloG1tIiBOTrayfuvpGh6-m1zJgaGigIGBgZGoDhTtNOaz-I_2DhCHsCEtzEwF-SlMwJZKUycmbmJ6an6QD4_I3taTmV-aUkxO0grj1H8htMVc3XMMsSmzA6f1s1w7mNYDgMrUBejB5BgegYk-HYBCU5vBjAJMm8uiLAD8ZmsmBkYWCuAjEgGEODjKy3KKUgsSszVK89MKckQ1DAgEgizu7iGOHr6BAMANmSWiukAAAA?width=308&mimetype=image%2Fjpeg
Q5 Sportback TFSI e,"ab 64.700,00 EUR*",https://mediaservice.audi.com/media/fast/H4sIAAAAAAAAAFvzloG1tIiBOTrayfuvpGh6-m1zJgaGigIGBgZGoDhTtNOaz-I_2DhCHsCEtzEwF-SlMwJZKUycmbmJ6an6QD4_I3taTmV-aUkxO0grzzPhIFVRMWHGjnyvH8xWHh87q3zKGFiBuhg9gATTMyDBtwtIcHozgEmQeXNBhB2Iz2TFzMDAWgFkRDKAAB9faVFOQWJRYq5eeWZKSYaghgGRQJjdxTXE0dMnGACwBk0d6QAAAA?width=308&mimetype=image%2Fjpeg
SQ5 TDI,not found,https://mediaservice.audi.com/media/fast/H4sIAAAAAAAAAFvzloG1tIiBOTrayfuvpGh6-m1zJgaGigIGBgZGoDhTtNOaz-I_2DhCHsCEtzEwF-SlMwJZKUycmbmJ6an6QD4_I3taTmV-aUkxO0grT9LZnB7H3Xsm3SvcvrZtGacx48VOMQZWoC5GDyDB9AxI8O0CEpzeDGASZN5cEGEH4jNZMTMwsFYAGZEMIMDHV1qUU5BYlJirV56ZUpIhqGFAJBBmd3ENcfT0CQYAogfWE-kAAAA?width=308&mimetype=image%2Fjpeg
SQ5 Sportback TDI,not found,https://mediaservice.audi.com/media/fast/H4sIAAAAAAAAAFvzloG1tIiBOTrayfuvpGh6-m1zJgaGigIGBgZGoDhTtNOaz-I_2DhCHsCEtzEwF-SlMwJZKUycmbmJ6an6QD4_I3taTmV-aUkxO0grj8hyvtKl31b93eeabXQ1l0UlYvHFMwysQF2MHkCC6RmQ4NsFJDi9GcAkyLy5IMIOxGeyYmZgYK0AMiIZQICPr7QopyCxKDFXrzwzpSRDUMOASCDM7uIa4ujpEwwAgyjmN-kAAAA?width=308&mimetype=image%2Fjpeg
Q7,not found,https://mediaservice.audi.com/media/fast/H4sIAAAAAAAAAFvzloG1tIiBOTrayfuvpGh6-m1zJgaGigIGBgZGoDhTtNOaz-I_2DhCHsCEtzEwF-SlMwJZKUycmbmJ6an6QD4_I3taTmV-aUkxO0grTz9rYvNrq8atM6-va1lTl_Gpc-3DMAZWoC5GfiDBdBZI8EsACc5aBjAJMm82iLAD8ZmcmBkYWCuAjEgGEODjKy3KKUgsSszVK89MKckQ1DAgEgizu7iGOHr6BAMA0raX9-kAAAA?width=308&mimetype=image%2Fjpeg
Q7 TFSI e,not found,https://mediaservice.audi.com/media/fast/H4sIAAAAAAAAAFvzloG1tIiBOTrayfuvpGh6-m1zJgaGigIGBgZGoDhTtNOaz-I_2DhCHsCEtzEwF-SlMwJZKUycmbmJ6an6QD4_I3taTmV-aUkxO0grz729v-vShX2nq4jFv97n_PHOXaFjJxhYgboY-YEE01kgwS8BJDhrGcAkyLzZIMIOxGdyYmZgYK0AMiIZQICPr7QopyCxKDFXrzwzpSRDUMOASCDM7uIa4ujpEwwA-0EPmekAAAA?width=308&mimetype=image%2Fjpeg
SQ7 TFSI,not found,https://mediaservice.audi.com/media/fast/H4sIAAAAAAAAAFvzloG1tIiBOTrayfuvpGh6-m1zJgaGigIGBgZGoDhTtNOaz-I_2DhCHsCEtzEwF-SlMwJZKUycmbmJ6an6QD4_I3taTmV-aUkxO0grj0fouVvPXZKOrrP0VEmr_vR_3f74AwysQF2M_ECC6SyQ4JcAEpy1DGASZN5sEGEH4jM5MTMwsFYAGZEMIMDHV1qUU5BYlJirV56ZUpIhqGFAJBBmd3ENcfT0CQYAqwrZHOkAAAA?width=308&mimetype=image%2Fjpeg
Q8 SUV,"ab 86.700,00 EUR*",https://mediaservice.audi.com/media/fast/H4sIAAAAAAAAAFvzloG1tIiBOTrayfuvpGh6-m1zJgaGigIGBgZGoDhTtNOaz-I_2DhCHsCEtzEwF-SlMwJZKUycmbmJ6an6QD4_I3taTmV-aUkxO0grz-u9a0_XrFq8UvZZ_5X1z2VvqApU-jKwAnUxmgAJphtAgu8nkOA0ZwCTIPOmgQg7EJ_JmpmBgbUCyIhkAAE-vtKinILEosRcvfLMlJIMQQ0DIoEwu4triKOnTzAAHJY1t-kAAAA?width=308&mimetype=image%2Fjpeg
SQ8 SUV,"ab 119.500,00 EUR*",https://mediaservice.audi.com/media/fast/H4sIAAAAAAAAAFvzloG1tIiBOTrayfuvpGh6-m1zJgaGigIGBgZGoDhTtNOaz-I_2DhCHsCEtzEwF-SlMwJZKUycmbmJ6an6QD4_I3taTmV-aUkxO0grz-9NZwrFd3zjtxHg2_3fpOVprsWKVgZWoC5GEyDBdANI8P0EEpzmDGASZN40EGEH4jNZMzMwsFYAGZEMIMDHV1qUU5BYlJirV56ZUpIhqGFAJBBmd3ENcfT0CQYA0OWCUekAAAA?width=308&mimetype=image%2Fjpeg
RS Q8,not found,https://mediaservice.audi.com/media/fast/H4sIAAAAAAAAAFvzloG1tIiBOTrayfuvpGh6-m1zJgaGigIGBgZGoDhTtNOaz-I_2DhCHsCEtzEwF-SlMwJZKUycmbmJ6an6QD4_I3taTmV-aUkxO0grT3hU5SvmcPO5Fgn526bIaOZ05f9QYmAF6mI0ARJMN4AE308gwWnOACZB5k0DEXYgPpM1MwMDawWQEckAAnx8pUU5BYlFibl65ZkpJRmCGgZEAmF2F9cQR0-fYAA7151q6QAAAA?width=308&mimetype=image%2Fjpeg
TT Coupé,not found,https://mediaservice.audi.com/media/fast/H4sIAAAAAAAAAFvzloG1tIiBOTrayfuvpGh6-m1zJgaGigIGBgZGoDhTtNOaz-I_2DhCHsCEtzEwF-SlMwJZKUycmbmJ6an6QD4_I3taTmV-aUkxO0grT7fE6kPvtfUNedm2LvDinPGrxez2NwZWoC7GM0CC-RCQ4EsGEpxcDGASZN4eENEN4jPZMTMwsFYAGZEMIMDHV1qUU5BYlJirV56ZUpIhqGFAJBBmd3ENcfT0CQYAZVOg8ekAAAA?width=308&mimetype=image%2Fjpeg
TT Roadster,not found,https://mediaservice.audi.com/media/fast/H4sIAAAAAAAAAFvzloG1tIiBOTrayfuvpGh6-m1zJgaGigIGBgZGoDhTtNOaz-I_2DhCHsCEtzEwF-SlMwJZKUycmbmJ6an6QD4_I3taTmV-aUkxO0grj4DumkvfZ_Lt1lnBk7b0j25Q2DazKgZWoC7GM0CC-RCQ4EsGEpxcDGASZN4eENEN4jPZMTMwsFYAGZEMIMDHV1qUU5BYlJirV56ZUpIhqGFAJBBmd3ENcfT0CQYAURSul-kAAAA?width=308&mimetype=image%2Fjpeg
TTS Coupé TFSI,not found,https://mediaservice.audi.com/media/fast/H4sIAAAAAAAAAFvzloG1tIiBOTrayfuvpGh6-m1zJgaGigIGBgZGoDhTtNOaz-I_2DhCHsCEtzEwF-SlMwJZKUycmbmJ6an6QD4_I3taTmV-aUkxO0grz5lDn_SKn7Es-_RSe5rbNWZBD-PDGxhYgboYzwAJ5kNAgi8ZSHByMYBJkHl7QEQ3iM9kx8zAwFoBZEQygAAfX2lRTkFiUWKuXnlmSkmGoIYBkUCY3cU1xNHTJxgAGXlfVekAAAA?width=308&mimetype=image%2Fjpeg
TTS Roadster TFSI,not found,https://mediaservice.audi.com/media/fast/H4sIAAAAAAAAAFvzloG1tIiBOTrayfuvpGh6-m1zJgaGigIGBgZGoDhTtNOaz-I_2DhCHsCEtzEwF-SlMwJZKUycmbmJ6an6QD4_I3taTmV-aUkxO0grT9bVrY175pnu9_z5clq85tyWmxPaZjGwAnUxngESzIeABF8ykODkYgCTIPP2gIhuEJ_JjpmBgbUCyIhkAAE-vtKinILEosRcvfLMlJIMQQ0DIoEwu4triKOnTzAALv9DhOkAAAA?width=308&mimetype=image%2Fjpeg
TT RS Coupé,not found,https://mediaservice.audi.com/media/fast/H4sIAAAAAAAAAFvzloG1tIiBOTrayfuvpGh6-m1zJgaGigIGBgZGoDhTtNOaz-I_2DhCHsCEtzEwF-SlMwJZKUycmbmJ6an6QD4_I3taTmV-aUkxO0grD9u7S9k3Hs0U9Ta-cIhpYlzjytpLTxlYgboYzwAJ5kNAgi8ZSHByMYBJkHl7QEQ3iM9kx8zAwFoBZEQygAAfX2lRTkFiUWKuXnlmSkmGoIYBkUCY3cU1xNHTJxgAD-oPwekAAAA?width=308&mimetype=image%2Fjpeg
TT RS Roadster,not found,https://mediaservice.audi.com/media/fast/H4sIAAAAAAAAAFvzloG1tIiBOTrayfuvpGh6-m1zJgaGigIGBgZGoDhTtNOaz-I_2DhCHsCEtzEwF-SlMwJZKUycmbmJ6an6QD4_I3taTmV-aUkxO0grj6iixSbOBa4N-8Ulb_ySM1txc_dpEwZWoC7GM0CC-RCQ4EsGEpxcDGASZN4eENEN4jPZMTMwsFYAGZEMIMDHV1qUU5BYlJirV56ZUpIhqGFAJBBmd3ENcfT0CQYA90uCuOkAAAA?width=308&mimetype=image%2Fjpeg
R8 Coupé V10 performance quattro,"ab 215.000,00 EUR*",https://mediaservice.audi.com/media/fast/H4sIAAAAAAAAAFvzloG1tIiBOTrayfuvpGh6-m1zJgaGigIGBgZGoDhTtNOaz-I_2DhCHsCEtzEwF-SlMwJZKUycmbmJ6an6QD4_I3taTmV-aUkxO0grz-MbZquz7As1Nh_vbAhgYDxpIfJvJwMrUBfjVSDBYggk-JYACU5OBjAJMm8_iNgB4jPZMjMwsFYAGZEMIMDHV1qUU5BYlJirV56ZUpIhqGFAJBBmd3ENcfT0CQYALgmu5ekAAAA?width=308&mimetype=image%2Fjpeg
R8 Coupé V10 performance RWD,"ab 150.500,00 EUR*",https://mediaservice.audi.com/media/fast/H4sIAAAAAAAAAFvzloG1tIiBOTrayfuvpGh6-m1zJgaGigIGBgZGoDhTtNOaz-I_2DhCHsCEtzEwF-SlMwJZKUycmbmJ6an6QD4_I3taTmV-aUkxO0grz3mPD8niNlpNU2eUy3SK8ntsavj7kIEVqIvxKpBgMQQSfEuABCcnA5gEmbcfROwA8ZlsmRkYWCuAjEgGEODjKy3KKUgsSszVK89MKckQ1DAgEgizu7iGOHr6BAMADUIoiOkAAAA?width=308&mimetype=image%2Fjpeg
R8 Spyder V10 performance quattro,not found,https://mediaservice.audi.com/media/fast/H4sIAAAAAAAAAFvzloG1tIiBOTrayfuvpGh6-m1zJgaGigIGBgZGoDhTtNOaz-I_2DhCHsCEtzEwF-SlMwJZKUycmbmJ6an6QD4_I3taTmV-aUkxO0grj-DZ9G_pvaEZ6kcm7n7lYblf1mJOEwMrUBfjVSDBYggk-JYACU5OBjAJMm8_iNgB4jPZMjMwsFYAGZEMIMDHV1qUU5BYlJirV56ZUpIhqGFAJBBmd3ENcfT0CQYAV9QWr-kAAAA?width=308&mimetype=image%2Fjpeg
R8 Spyder V10 performance RWD,not found,https://mediaservice.audi.com/media/fast/H4sIAAAAAAAAAFvzloG1tIiBOTrayfuvpGh6-m1zJgaGigIGBgZGoDhTtNOaz-I_2DhCHsCEtzEwF-SlMwJZKUycmbmJ6an6QD4_I3taTmV-aUkxO0grT2LJLEHDNoEZ757pv623u3HksrPVawZWoC7Gq0CCxRBI8C0BEpycDGASZN5-ELEDxGeyZWZgYK0AMiIZQICPr7QopyCxKDFXrzwzpSRDUMOASCDM7uIa4ujpEwwAPBq5bOkAAAA?width=308&mimetype=image%2Fjpeg
R8 GT,not found,https://mediaservice.audi.com/media/fast/H4sIAAAAAAAAAFvzloG1tIiBOTrayfuvpGh6-m1zJgaGigIGBgZGoDhTtNOaz-I_2DhCHsCEtzEwF-SlMwJZKUycmbmJ6an6QD4_I3taTmV-aUkxO0grzyclRp6TzxvnL9ZjXf1CaFlBgHBrGwMrUBfjVSDBYgAk-JYACU5OBjAJMm8TiFgP4jPZMTMwsFYAGZEMIMDHV1qUU5BYlJirV56ZUpIhqGFAJBBmd3ENcfT0CQYA9Yj7tekAAAA?width=308&mimetype=image%2Fjpeg
